step,Time,Ambient,PVT,PCMT,nano-PCMT,PVP,PCMP,nano-PCMP,Radiation
1,9:00:00 am,25.32,43.44,30.63,29.80,6.37,6.59,7.65,648.2277687
2,9:00:30 am,25.27,43.96,30.83,29.97,6.31,6.62,7.68,649.4673933
3,9:01:00 am,25.30,44.49,31.05,30.18,6.42,6.65,7.72,651.0046887
4,9:01:30 am,24.65,44.57,31.25,30.38,6.43,6.68,7.75,653.3933712
5,9:02:00 am,24.05,44.98,31.41,30.54,6.43,6.71,7.77,655.1415626
6,9:02:30 am,24.50,45.11,31.59,30.69,6.45,6.71,7.78,657.7485825
7,9:03:00 am,24.07,45.11,31.73,30.84,6.42,6.73,7.81,659.626307
8,9:03:30 am,24.40,45.41,31.90,31.01,6.47,6.74,7.83,661.9348349
9,9:04:00 am,25.34,46.04,32.07,31.17,6.45,6.75,7.82,663.6160379
10,9:04:30 am,25.35,46.31,32.24,31.34,6.49,6.75,7.83,665.7639895
11,9:05:00 am,26.15,46.50,32.43,31.51,6.50,6.83,7.93,668.0510179
12,9:05:30 am,24.88,46.57,32.59,31.66,6.54,6.90,7.99,669.9088118
13,9:06:00 am,24.14,46.61,32.75,31.80,6.56,6.92,8.01,671.2242681
14,9:06:30 am,24.52,46.73,32.89,31.95,6.59,6.95,8.04,673.0488223
15,9:07:00 am,25.21,46.97,33.05,32.08,6.58,6.98,8.06,674.5843533
16,9:07:30 am,24.92,47.23,33.20,32.23,6.53,6.98,8.06,675.7343302
17,9:08:00 am,24.96,47.34,33.33,32.36,6.60,7.00,8.09,677.1620221
18,9:08:30 am,25.39,47.51,33.46,32.50,6.66,7.04,8.13,679.4526488
19,9:09:00 am,25.95,48.07,33.61,32.63,6.67,7.08,8.17,681.7023533
20,9:09:30 am,24.69,48.09,33.75,32.76,6.66,7.09,8.19,683.6108549
21,9:10:00 am,25.24,48.16,33.88,32.88,6.66,7.12,8.21,685.8250957
22,9:10:30 am,24.85,48.48,34.00,33.00,6.69,7.14,8.24,689.7094259
23,9:11:00 am,24.48,48.52,34.12,33.12,6.68,7.17,8.27,694.4009842
24,9:11:30 am,24.66,48.63,34.22,33.22,6.67,7.19,8.29,696.882021
25,9:12:00 am,24.84,48.72,34.33,33.33,6.69,7.21,8.31,697.4661293
26,9:12:30 am,25.73,48.73,34.47,33.46,6.72,7.24,8.34,698.0559138
27,9:13:00 am,24.97,49.39,34.57,33.55,6.72,7.26,8.37,699.0555321
28,9:13:30 am,24.80,49.42,34.68,33.65,6.67,7.28,8.39,700.4577624
29,9:14:00 am,24.93,49.61,34.78,33.77,6.69,7.31,8.42,703.0980473
30,9:14:30 am,25.30,49.91,34.90,33.86,6.77,7.34,8.45,704.9713754
31,9:15:00 am,25.53,49.94,35.03,34.00,6.81,7.37,8.47,706.4770967
32,9:15:30 am,25.51,50.13,35.14,34.12,6.77,7.39,8.51,708.4260137
33,9:16:00 am,25.86,50.29,35.30,34.24,6.83,7.42,8.53,708.7947319
34,9:16:30 am,26.44,50.53,35.43,34.36,6.80,7.45,8.57,710.8022313
35,9:17:00 am,25.95,50.95,35.55,34.48,6.88,7.48,8.59,712.1107781
36,9:17:30 am,25.67,51.19,35.70,34.59,6.90,7.50,8.61,714.2270116
37,9:18:00 am,26.12,51.21,35.84,34.71,6.94,7.53,8.65,717.1062145
38,9:18:30 am,26.92,51.28,35.95,34.80,6.88,7.55,8.66,719.395224
39,9:19:00 am,26.71,51.32,36.06,34.93,6.85,7.56,8.67,720.8943743
40,9:19:30 am,26.83,51.43,36.15,35.00,6.92,7.58,8.69,722.9937213
41,9:20:00 am,26.61,51.50,36.24,35.11,6.88,7.60,8.72,723.5607971
42,9:20:30 am,25.17,51.55,36.33,35.20,6.92,7.63,8.75,724.6868328
43,9:21:00 am,25.25,51.60,36.40,35.25,6.89,7.65,8.77,726.1192839
44,9:21:30 am,25.11,51.67,36.44,35.30,6.98,7.67,8.79,726.7727729
45,9:22:00 am,26.08,51.72,36.52,35.36,6.97,7.69,8.80,727.1229853
46,9:22:30 am,26.46,51.81,36.64,35.48,7.04,7.71,8.83,728.4856698
47,9:23:00 am,25.57,51.86,36.74,35.58,7.02,7.73,8.84,729.9055825
48,9:23:30 am,26.21,51.90,36.85,35.69,7.01,7.74,8.85,730.6721052
49,9:24:00 am,26.40,52.03,36.96,35.78,6.99,7.77,8.88,732.3692513
50,9:24:30 am,27.72,52.10,37.09,35.90,7.04,7.78,8.89,733.6673617
51,9:25:00 am,25.79,52.16,37.20,36.01,7.07,7.80,8.91,735.1966614
52,9:25:30 am,25.61,52.23,37.28,36.08,7.06,7.83,8.94,737.8583733
53,9:26:00 am,25.38,52.26,37.35,36.14,7.05,7.86,8.97,738.7672566
54,9:26:30 am,25.50,52.31,37.44,36.23,7.06,7.86,8.97,739.7807655
55,9:27:00 am,26.44,52.42,37.58,36.34,7.16,7.89,9.01,742.6188055
56,9:27:30 am,27.13,52.46,37.72,36.47,7.14,7.91,9.01,746.738938
57,9:28:00 am,26.09,52.49,37.84,36.58,7.12,7.93,9.04,750.668613
58,9:28:30 am,25.18,52.54,37.90,36.65,7.10,7.97,9.08,753.005816
59,9:29:00 am,25.28,52.59,37.99,36.73,7.11,7.99,9.10,755.0672114
60,9:29:30 am,25.16,52.63,38.06,36.82,7.11,8.01,9.12,755.9869884
61,9:30:00 am,25.36,52.65,38.11,36.87,7.16,8.04,9.15,756.4689338
62,9:30:30 am,25.66,52.68,38.15,36.93,7.19,8.03,9.14,757.1709306
63,9:31:00 am,25.98,52.70,38.21,36.99,7.19,8.08,9.19,756.790858
64,9:31:30 am,26.05,52.74,38.28,37.08,7.15,8.10,9.21,757.7990778
65,9:32:00 am,25.68,52.74,38.37,37.16,7.29,8.13,9.23,758.7711083
66,9:32:30 am,25.83,52.76,38.49,37.26,7.26,8.16,9.27,761.5582955
67,9:33:00 am,25.44,52.78,38.61,37.36,7.29,8.17,9.28,763.3067529
68,9:33:30 am,25.63,52.80,38.73,37.48,7.34,8.19,9.30,764.7412334
69,9:34:00 am,25.44,52.84,38.84,37.56,7.36,8.22,9.32,765.7341851
70,9:34:30 am,25.55,52.86,38.91,37.64,7.30,8.24,9.35,766.3800147
71,9:35:00 am,25.85,52.88,39.00,37.71,7.32,8.25,9.36,767.9199916
72,9:35:30 am,26.05,52.84,39.11,37.81,7.35,8.27,9.38,768.5370988
73,9:36:00 am,26.43,52.87,39.22,37.91,7.37,8.30,9.40,771.0742061
74,9:36:30 am,26.00,52.88,39.33,38.00,7.39,8.32,9.41,773.3528749
75,9:37:00 am,26.14,52.90,39.39,38.09,7.39,8.34,9.44,774.2815184
76,9:37:30 am,25.85,52.88,39.44,38.15,7.42,8.36,9.46,775.42304
77,9:38:00 am,25.74,52.92,39.56,38.25,7.44,8.38,9.48,778.6684974
78,9:38:30 am,25.82,52.93,39.69,38.39,7.42,8.38,9.48,781.7099685
79,9:39:00 am,26.64,52.94,39.83,38.52,7.46,8.40,9.50,783.4485689
80,9:39:30 am,26.92,52.96,39.95,38.64,7.45,8.43,9.52,784.0101136
81,9:40:00 am,26.50,52.98,40.08,38.77,7.51,8.45,9.53,786.9811399
82,9:40:30 am,26.48,52.93,40.16,38.86,7.45,8.46,9.54,788.2248475
83,9:41:00 am,25.54,52.91,40.16,38.89,7.48,8.48,9.57,789.2495426
84,9:41:30 am,25.52,52.91,40.15,38.95,7.48,8.52,9.60,792.0536162
85,9:42:00 am,25.97,52.96,40.23,39.04,7.46,8.49,9.57,794.5196761
86,9:42:30 am,26.93,52.93,40.34,39.15,7.50,8.50,9.58,796.193123
87,9:43:00 am,27.80,52.98,40.44,39.27,7.54,8.57,9.64,797.0819317
88,9:43:30 am,26.87,52.99,40.55,39.37,7.48,8.59,9.66,797.9216509
89,9:44:00 am,26.09,53.00,40.65,39.46,7.50,8.61,9.68,797.4569306
90,9:44:30 am,26.32,53.01,40.78,39.58,7.54,8.64,9.71,797.0548507
91,9:45:00 am,26.28,53.01,40.92,39.73,7.53,8.65,9.72,799.3654564
92,9:45:30 am,26.75,52.54,41.06,39.85,7.58,8.67,9.73,799.6585121
93,9:46:00 am,26.29,52.03,41.18,39.96,7.60,8.68,9.74,801.6469033
94,9:46:30 am,26.41,52.21,41.28,40.06,7.53,8.70,9.76,803.4014963
95,9:47:00 am,26.44,52.10,41.38,40.17,7.58,8.73,9.78,803.5438097
96,9:47:30 am,26.50,52.13,41.50,40.27,7.62,8.74,9.79,806.4425321
97,9:48:00 am,26.90,52.40,41.62,40.39,7.66,8.76,9.81,809.417062
98,9:48:30 am,26.40,50.85,41.73,40.47,7.56,8.77,9.82,811.4811872
99,9:49:00 am,27.29,52.63,41.75,40.52,7.62,8.79,9.83,813.2856898
100,9:49:30 am,27.73,53.05,41.85,40.62,7.55,8.81,9.84,814.9436772
101,9:50:00 am,27.59,52.76,41.94,40.75,7.70,8.84,9.87,816.8412355
102,9:50:30 am,26.71,53.87,42.01,40.82,7.57,8.84,9.87,817.4212597
103,9:51:00 am,27.21,53.86,42.03,40.88,7.61,8.87,9.89,821.8879832
104,9:51:30 am,27.25,52.92,42.06,40.90,7.62,8.89,9.91,826.1313449
105,9:52:00 am,27.29,52.80,42.14,40.99,7.67,8.91,9.92,826.2257045
106,9:52:30 am,27.40,53.12,42.28,41.11,7.67,8.92,9.93,824.732062
107,9:53:00 am,27.59,53.21,42.41,41.24,7.69,8.94,9.94,825.3195268
108,9:53:30 am,28.13,53.93,42.55,41.36,7.62,8.95,9.94,827.5937266
109,9:54:00 am,27.92,54.29,42.66,41.47,7.68,8.97,9.96,828.5562881
110,9:54:30 am,27.09,53.89,42.77,41.56,7.62,8.99,9.98,829.7845594
111,9:55:00 am,27.44,53.55,42.82,41.61,7.63,9.00,9.99,831.1696856
112,9:55:30 am,27.72,53.77,42.89,41.68,7.58,9.02,10.00,831.6841462
113,9:56:00 am,28.04,54.28,42.96,41.76,7.62,9.04,10.01,831.2904006
114,9:56:30 am,28.43,54.54,43.11,41.89,7.62,9.05,10.02,834.1019148
115,9:57:00 am,27.71,53.52,43.24,42.01,7.65,9.07,10.04,837.1415983
116,9:57:30 am,27.73,53.99,43.33,42.09,7.72,9.08,10.05,838.1125415
117,9:58:00 am,27.49,52.80,43.38,42.13,7.73,9.09,10.06,838.8466204
118,9:58:30 am,27.79,53.88,43.45,42.20,7.76,9.11,10.08,840.9166877
119,9:59:00 am,29.34,55.25,43.53,42.29,7.68,9.11,10.08,842.5372303
120,9:59:30 am,29.69,54.67,43.62,42.36,7.70,9.11,10.08,844.7879495
121,10:00:00 am,28.67,54.80,43.68,42.45,7.70,9.12,10.10,846.185082
122,10:00:30 am,28.14,54.87,43.68,42.46,7.70,9.17,10.13,846.2824132
123,10:01:00 am,27.66,54.17,43.65,42.44,7.69,9.20,10.15,849.3078917
124,10:01:30 am,27.62,52.85,43.70,42.44,7.72,9.21,10.17,849.8308559
125,10:02:00 am,27.95,53.03,43.74,42.43,7.69,9.22,10.18,849.5803891
126,10:02:30 am,27.48,52.88,43.85,42.50,7.79,9.23,10.19,852.2932681
127,10:03:00 am,27.74,52.63,43.97,42.61,7.75,9.25,10.20,854.2713922
128,10:03:30 am,27.58,52.48,44.11,42.74,7.74,9.25,10.20,856.2529947
129,10:04:00 am,27.43,51.68,44.22,42.83,7.79,9.27,10.22,856.9278623
130,10:04:30 am,27.55,52.61,44.33,42.92,7.79,9.27,10.23,859.4091651
131,10:05:00 am,27.65,53.11,44.44,43.02,7.83,9.29,10.24,861.2570315
132,10:05:30 am,27.81,53.63,44.52,43.10,7.79,9.30,10.25,862.4915836
133,10:06:00 am,28.58,54.53,44.65,43.21,7.79,9.32,10.26,863.0016961
134,10:06:30 am,28.88,54.84,44.73,43.29,7.76,9.34,10.28,865.7682282
135,10:07:00 am,28.04,55.34,44.75,43.31,7.78,9.34,10.29,869.2233502
136,10:07:30 am,28.13,55.31,44.76,43.30,7.77,9.36,10.30,869.7613165
137,10:08:00 am,28.99,55.30,44.77,43.32,7.87,9.36,10.30,870.1975552
138,10:08:30 am,27.80,55.11,44.73,43.30,7.95,9.40,10.34,871.0772072
139,10:09:00 am,27.36,54.72,44.64,43.21,7.92,9.41,10.36,873.2905542
140,10:09:30 am,27.67,54.99,44.60,43.15,7.91,9.44,10.37,875.4535321
141,10:10:00 am,28.04,54.23,44.62,43.17,7.98,9.45,10.38,877.0508118
142,10:10:30 am,27.70,52.70,44.59,43.11,7.95,9.47,10.40,878.4537655
143,10:11:00 am,28.15,52.44,44.57,43.08,8.00,9.49,10.41,880.9666677
144,10:11:30 am,28.63,53.78,44.67,43.13,8.07,9.50,10.42,881.1454343
145,10:12:00 am,29.31,54.05,44.82,43.25,8.07,9.50,10.43,881.6785689
146,10:12:30 am,28.68,53.26,44.91,43.33,8.07,9.52,10.44,881.8039958
147,10:13:00 am,28.49,52.86,44.98,43.37,8.00,9.53,10.45,881.5405563
148,10:13:30 am,28.66,52.88,45.12,43.47,8.08,9.54,10.45,881.9839937
149,10:14:00 am,28.29,52.42,45.23,43.57,8.10,9.55,10.46,882.6826572
150,10:14:30 am,28.17,52.83,45.39,43.68,8.09,9.54,10.45,883.5389001
151,10:15:00 am,27.83,51.97,45.48,43.75,8.06,9.57,10.47,884.6513838
152,10:15:30 am,27.87,52.39,45.55,43.83,8.04,9.57,10.48,886.2799706
153,10:16:00 am,27.77,51.76,45.66,43.91,8.05,9.58,10.48,888.9954826
154,10:16:30 am,28.04,52.15,45.77,43.98,8.14,9.59,10.49,891.9800862
155,10:17:00 am,28.32,52.92,45.88,44.06,8.15,9.60,10.49,893.9472177
156,10:17:30 am,28.50,52.77,45.98,44.13,8.11,9.61,10.50,896.1481725
157,10:18:00 am,28.01,52.14,46.07,44.20,8.18,9.61,10.51,896.4359138
158,10:18:30 am,28.13,52.16,46.16,44.26,8.11,9.63,10.51,897.2138381
159,10:19:00 am,28.18,51.63,46.22,44.32,8.17,9.65,10.54,899.3722744
160,10:19:30 am,28.94,53.22,46.26,44.33,8.11,9.66,10.54,900.912082
161,10:20:00 am,30.18,54.54,46.36,44.43,8.17,9.67,10.55,903.0107045
162,10:20:30 am,29.81,54.94,46.49,44.53,8.17,9.67,10.54,904.8836698
163,10:21:00 am,30.04,55.65,46.64,44.64,8.18,9.68,10.54,905.5850389
164,10:21:30 am,29.89,56.68,46.76,44.74,8.09,9.69,10.55,907.1244122
165,10:22:00 am,28.53,56.75,46.78,44.77,8.09,9.73,10.58,908.9443512
166,10:22:30 am,28.74,56.73,46.70,44.71,8.09,9.71,10.56,910.2046309
167,10:23:00 am,28.79,56.72,46.65,44.67,8.14,9.73,10.57,910.1066719
168,10:23:30 am,29.14,56.23,46.62,44.63,8.09,9.74,10.58,909.9025163
169,10:24:00 am,29.13,55.02,46.66,44.65,8.10,9.75,10.58,911.1192881
170,10:24:30 am,28.97,54.18,46.74,44.69,8.13,9.75,10.58,912.6702566
171,10:25:00 am,28.84,54.15,46.78,44.74,8.06,9.78,10.61,914.7464606
172,10:25:30 am,28.60,53.87,46.85,44.79,8.04,9.78,10.61,916.2175152
173,10:26:00 am,28.63,52.57,46.86,44.82,8.14,9.79,10.62,916.1218991
174,10:26:30 am,28.91,51.73,46.88,44.80,8.15,9.80,10.63,915.4743785
175,10:27:00 am,29.09,51.47,46.86,44.81,8.26,9.82,10.65,915.6830273
176,10:27:30 am,29.11,51.62,46.88,44.81,8.21,9.82,10.65,916.1909422
177,10:28:00 am,29.03,51.53,46.91,44.80,8.22,9.82,10.66,916.8926488
178,10:28:30 am,29.45,51.13,46.93,44.84,8.29,9.84,10.66,917.9772787
179,10:29:00 am,29.83,52.11,46.98,44.89,8.32,9.84,10.66,918.7617256
180,10:29:30 am,30.19,53.00,47.10,44.99,8.29,9.84,10.66,918.3132629
181,10:30:00 am,30.17,53.40,47.20,45.07,8.29,9.84,10.66,917.6116772
182,10:30:30 am,29.70,53.04,47.33,45.45,8.29,9.84,10.65,918.6004974
183,10:31:00 am,29.99,54.14,47.43,45.75,8.19,9.80,10.62,920.6128044
184,10:31:30 am,29.34,54.82,47.45,45.94,8.27,9.84,10.66,921.5657508
185,10:32:00 am,29.12,55.19,47.34,46.00,8.30,9.85,10.66,921.6584196
186,10:32:30 am,29.61,54.83,47.29,46.05,8.30,9.84,10.66,921.3837224
187,10:33:00 am,29.46,54.07,47.40,46.25,8.25,9.84,10.66,923.526674
188,10:33:30 am,29.47,52.89,47.53,46.41,8.22,9.85,10.67,923.2174322
189,10:34:00 am,29.17,52.50,47.68,46.56,8.23,9.85,10.67,922.4923649
190,10:34:30 am,28.93,51.99,47.83,46.72,8.37,9.84,10.66,923.2762082
191,10:35:00 am,28.96,52.30,48.00,46.89,8.31,9.83,10.66,925.8147161
192,10:35:30 am,28.49,51.79,48.15,47.03,8.26,9.84,10.67,927.756387
193,10:36:00 am,28.68,51.83,48.32,47.16,8.26,9.84,10.67,927.0502345
194,10:36:30 am,29.18,52.02,48.49,47.34,8.26,9.84,10.67,927.2786446
195,10:37:00 am,29.40,51.49,48.64,47.46,8.31,9.84,10.66,928.987919
196,10:37:30 am,29.46,52.07,48.78,47.63,8.27,9.87,10.67,933.9866414
197,10:38:00 am,29.21,52.13,48.93,47.81,8.31,9.88,10.67,935.9341819
198,10:38:30 am,29.37,52.60,49.13,48.00,8.35,9.88,10.65,936.9595762
199,10:39:00 am,28.86,52.19,49.29,48.17,8.34,9.90,10.65,938.66298
200,10:39:30 am,29.35,52.90,49.47,48.33,8.31,9.90,10.64,940.2944416
201,10:40:00 am,29.47,53.97,49.64,48.47,8.28,9.90,10.63,941.6822492
202,10:40:30 am,29.65,54.66,49.72,48.53,8.31,9.90,10.62,943.2309474
203,10:41:00 am,29.63,54.49,49.75,48.56,8.26,9.92,10.63,944.8225005
204,10:41:30 am,29.76,55.22,49.77,48.59,8.36,9.92,10.63,946.8194921
205,10:42:00 am,29.68,54.83,49.83,48.63,8.33,9.92,10.63,950.2460589
206,10:42:30 am,29.92,55.26,49.91,48.71,8.27,9.92,10.64,952.3466625
207,10:43:00 am,29.73,54.76,49.90,48.72,8.29,9.91,10.63,952.5763291
208,10:43:30 am,29.50,55.15,49.87,48.72,8.29,9.92,10.64,951.9238801
209,10:44:00 am,29.03,55.15,49.90,48.74,8.30,9.92,10.64,952.2608549
210,10:44:30 am,29.04,55.23,49.90,48.74,8.26,9.92,10.65,952.3447781
211,10:45:00 am,29.41,55.93,49.98,48.80,8.23,9.92,10.64,952.8250084
212,10:45:30 am,29.61,55.57,50.07,48.90,8.23,9.92,10.64,953.9567687
213,10:46:00 am,29.89,54.65,50.26,49.07,8.29,9.92,10.63,953.4739548
214,10:46:30 am,29.57,53.23,50.49,49.28,8.35,9.92,10.63,954.609653
215,10:47:00 am,29.91,55.40,50.67,49.42,8.19,9.92,10.63,955.8859737
216,10:47:30 am,29.84,55.25,50.91,49.59,8.21,9.91,10.62,956.8358517
217,10:48:00 am,30.59,57.02,51.18,49.84,8.18,9.90,10.61,958.9125636
218,10:48:30 am,29.95,56.85,51.42,50.04,8.17,9.91,10.61,956.8004848
219,10:49:00 am,30.03,57.49,51.59,50.18,8.14,9.91,10.61,954.6828507
220,10:49:30 am,29.58,55.97,51.75,50.33,8.16,9.91,10.61,955.0737939
221,10:50:00 am,29.49,54.91,51.91,50.45,8.11,9.91,10.61,958.7203165
222,10:50:30 am,29.70,54.30,52.04,50.54,8.26,9.92,10.62,962.4875068
223,10:51:00 am,29.47,52.72,52.12,50.60,8.21,9.93,10.63,966.190245
224,10:51:30 am,29.20,51.61,52.12,50.57,8.35,9.94,10.64,966.80653
225,10:52:00 am,29.34,51.68,52.15,50.58,8.31,9.95,10.65,965.3189758
226,10:52:30 am,29.71,51.81,52.30,50.69,8.24,9.94,10.65,965.4527603
227,10:53:00 am,30.39,52.61,52.47,50.81,8.22,9.94,10.64,966.1952692
228,10:53:30 am,29.74,52.32,52.62,50.90,8.23,9.94,10.64,965.9774879
229,10:54:00 am,29.32,51.82,52.73,50.93,8.32,9.94,10.65,964.507714
230,10:54:30 am,29.12,50.95,52.86,50.97,8.36,9.95,10.67,963.2242913
231,10:55:00 am,29.25,50.20,52.91,51.00,8.34,9.95,10.66,964.7795836
232,10:55:30 am,29.46,49.69,52.98,51.02,8.32,9.96,10.68,965.2924259
233,10:56:00 am,30.01,50.92,52.99,50.98,8.37,9.96,10.68,962.8034406
234,10:56:30 am,30.22,51.33,53.09,51.01,8.29,9.97,10.68,962.2674553
235,10:57:00 am,30.38,52.43,53.22,51.07,8.31,9.97,10.68,962.511858
236,10:57:30 am,30.44,52.77,53.20,51.04,8.28,9.97,10.68,962.8214143
237,10:58:00 am,30.40,53.15,53.17,51.01,8.25,9.98,10.69,964.4202145
238,10:58:30 am,29.95,53.82,53.20,51.00,8.29,9.99,10.69,965.2229968
239,10:59:00 am,29.80,53.70,53.13,50.97,8.31,9.99,10.69,966.5871546
240,10:59:30 am,29.59,53.67,53.01,50.88,8.52,10.01,10.70,969.2656088
241,11:00:00 am,29.72,53.93,52.92,50.82,8.51,10.01,10.71,970.2367697
242,11:00:30 am,29.80,54.36,52.91,50.81,8.62,10.01,10.71,971.0676477
243,11:01:00 am,29.97,54.96,52.92,50.82,8.50,9.98,10.69,972.0624826
244,11:01:30 am,30.51,55.17,52.99,50.89,8.55,9.98,10.68,971.8924858
245,11:02:00 am,30.43,55.43,53.15,51.06,8.50,10.01,10.70,972.9041356
246,11:02:30 am,30.55,55.62,53.31,51.19,8.51,10.02,10.70,972.947184
247,11:03:00 am,31.26,56.50,53.54,51.41,8.51,10.01,10.69,973.5474774
248,11:03:30 am,30.25,56.11,53.76,51.57,8.41,10.00,10.68,975.2474017
249,11:04:00 am,31.10,57.50,53.95,51.72,8.46,10.00,10.68,977.2735752
250,11:04:30 am,30.97,57.76,54.11,51.87,8.51,10.01,10.67,975.6810315
251,11:05:00 am,30.45,57.54,54.19,51.96,8.51,10.02,10.69,976.2471893
252,11:05:30 am,29.78,57.34,54.14,51.93,8.47,10.03,10.70,975.1168297
253,11:06:00 am,29.93,57.95,54.09,51.90,8.46,10.03,10.70,976.0839085
254,11:06:30 am,29.77,57.57,54.03,51.87,8.46,10.04,10.70,976.2187802
255,11:07:00 am,30.24,56.94,54.01,51.84,8.44,10.04,10.70,975.8590252
256,11:07:30 am,30.94,58.24,54.08,51.91,8.38,10.03,10.69,973.9739075
257,11:08:00 am,31.16,58.08,54.23,52.09,8.48,10.03,10.69,973.675102
258,11:08:30 am,31.02,58.84,54.33,52.20,8.44,10.03,10.68,975.4593607
259,11:09:00 am,31.95,59.48,54.50,52.35,8.43,10.03,10.67,977.378081
260,11:09:30 am,32.80,59.29,54.67,52.54,8.39,10.02,10.67,978.5136351
261,11:10:00 am,31.28,59.25,54.84,52.70,8.38,10.02,10.66,979.1859664
262,11:10:30 am,30.60,59.70,54.89,52.80,8.37,10.03,10.67,979.5861619
263,11:11:00 am,31.42,60.46,55.04,52.89,8.29,10.03,10.66,981.4767382
264,11:11:30 am,30.98,60.06,55.08,52.98,8.27,10.02,10.65,982.6252892
265,11:12:00 am,30.78,58.77,55.16,53.05,8.34,10.03,10.65,983.313613
266,11:12:30 am,31.67,60.47,55.29,53.17,8.31,10.01,10.64,985.3045163
267,11:13:00 am,31.40,60.97,55.42,53.31,8.31,10.01,10.64,984.9857319
268,11:13:30 am,30.66,59.13,55.52,53.42,8.26,10.01,10.63,986.3952334
269,11:14:00 am,30.59,59.44,55.70,53.59,8.33,10.00,10.63,987.1068927
270,11:14:30 am,31.23,60.79,55.88,53.77,8.18,9.99,10.61,987.5658885
271,11:15:00 am,31.56,61.73,56.05,53.94,8.19,9.98,10.59,986.9951157
272,11:15:30 am,31.16,61.91,56.20,54.11,8.29,9.98,10.60,987.9340505
273,11:16:00 am,30.68,61.75,56.17,54.14,8.24,9.99,10.60,986.5273028
274,11:16:30 am,30.52,61.83,56.13,54.16,8.29,9.99,10.60,988.1546824
275,11:17:00 am,31.25,61.84,56.19,54.23,8.26,9.99,10.59,989.0687108
276,11:17:30 am,31.82,62.12,56.32,54.38,8.13,9.99,10.59,989.7707077
277,11:18:00 am,32.03,62.28,56.49,54.54,8.04,9.98,10.58,991.0262282
278,11:18:30 am,30.64,60.23,56.61,54.66,8.07,9.98,10.58,992.3095783
279,11:19:00 am,30.37,59.34,56.76,54.79,8.09,9.98,10.58,993.1608696
280,11:19:30 am,30.65,58.78,56.86,54.88,8.25,9.98,10.58,992.9592261
281,11:20:00 am,31.16,59.28,56.94,54.94,8.23,9.99,10.58,993.2725016
282,11:20:30 am,31.10,58.68,56.96,54.97,8.39,9.98,10.57,993.0973344
283,11:21:00 am,31.40,58.26,56.93,54.94,8.42,9.98,10.58,993.4355899
284,11:21:30 am,31.53,58.44,56.97,54.99,8.39,9.98,10.57,995.2144616
285,11:22:00 am,31.93,58.75,57.05,55.06,8.31,9.97,10.58,995.1586088
286,11:22:30 am,31.77,58.90,57.13,55.10,8.41,9.98,10.58,996.3859621
287,11:23:00 am,31.99,59.04,57.25,55.22,8.32,9.99,10.58,996.8351251
288,11:23:30 am,32.09,59.11,57.35,55.29,8.32,9.99,10.58,999.0924385
289,11:24:00 am,32.75,59.97,57.45,55.39,8.32,9.99,10.58,1002.058852
290,11:24:30 am,32.69,60.54,57.55,55.48,8.21,9.98,10.58,1002.881299
291,11:25:00 am,32.38,59.95,57.61,55.57,8.30,9.99,10.57,1003.349667
292,11:25:30 am,33.08,60.11,57.53,55.53,8.21,9.99,10.58,1003.86867
293,11:26:00 am,32.13,58.44,57.61,55.58,8.30,9.99,10.58,1004.065096
294,11:26:30 am,32.02,58.71,57.67,55.64,8.31,9.98,10.57,1004.932837
295,11:27:00 am,32.33,60.32,57.73,55.70,8.26,9.98,10.56,1005.744147
296,11:27:30 am,32.83,60.64,57.78,55.74,8.27,9.97,10.56,1006.021719
297,11:28:00 am,31.56,59.04,57.90,55.87,8.38,9.96,10.55,1006.381982
298,11:28:30 am,30.94,58.30,57.98,55.92,8.32,9.97,10.56,1008.548922
299,11:29:00 am,31.18,58.23,58.05,55.96,8.30,9.97,10.57,1009.818116
300,11:29:30 am,30.99,57.91,58.15,56.03,8.39,9.97,10.56,1009.636113
301,11:30:00 am,30.76,59.97,58.28,56.11,8.38,9.96,10.56,1008.680098
302,11:30:30 am,30.53,57.13,58.39,56.22,8.32,9.93,10.54,1008.412431
303,11:31:00 am,30.51,56.63,58.47,56.27,8.39,9.93,10.54,1009.318971
304,11:31:30 am,30.85,56.94,58.55,56.34,8.49,9.92,10.53,1007.701979
305,11:32:00 am,30.97,57.71,58.70,56.43,8.35,9.95,10.55,1006.552172
306,11:32:30 am,31.13,58.05,58.85,56.55,8.39,9.94,10.54,1008.356313
307,11:33:00 am,31.36,57.66,58.98,56.66,8.48,9.94,10.54,1011.671127
308,11:33:30 am,33.00,59.25,59.11,56.75,8.41,9.94,10.53,1013.731846
309,11:34:00 am,31.35,59.11,59.15,56.79,8.40,9.95,10.54,1014.36811
310,11:34:30 am,31.61,59.49,59.04,56.70,8.35,9.95,10.55,1014.519603
311,11:35:00 am,31.72,59.18,58.97,56.64,8.50,9.96,10.55,1013.903341
312,11:35:30 am,31.57,58.86,58.80,56.53,8.50,9.97,10.56,1014.553399
313,11:36:00 am,30.85,58.98,58.67,56.41,8.51,9.97,10.56,1014.635584
314,11:36:30 am,31.80,59.68,58.55,56.33,8.51,9.98,10.56,1013.246084
315,11:37:00 am,32.08,60.03,58.57,56.37,8.50,9.98,10.56,1013.101621
316,11:37:30 am,31.72,59.18,58.59,56.42,8.39,9.97,10.55,1012.994072
317,11:38:00 am,31.86,59.81,58.65,56.50,8.46,9.97,10.54,1013.476548
318,11:38:30 am,32.31,60.51,58.78,56.61,8.44,9.96,10.53,1013.567211
319,11:39:00 am,32.82,61.53,58.94,56.76,8.42,9.95,10.52,1012.17665
320,11:39:30 am,32.64,60.84,59.10,56.91,8.39,9.94,10.51,1013.779944
321,11:40:00 am,32.24,60.47,59.19,57.00,7.85,9.94,10.51,1015.377465
322,11:40:30 am,31.70,60.28,59.32,57.11,8.23,9.93,10.50,1016.417161
323,11:41:00 am,31.80,60.15,59.44,57.22,8.20,9.93,10.49,1016.061851
324,11:41:30 am,31.97,60.04,59.53,57.31,8.17,9.89,10.48,1015.513254
325,11:42:00 am,31.70,60.50,59.63,57.40,8.45,9.92,10.48,1015.900453
326,11:42:30 am,31.78,59.81,59.70,57.48,8.57,9.91,10.48,1016.380852
327,11:43:00 am,32.07,60.55,59.82,57.59,8.56,9.91,10.47,1016.963099
328,11:43:30 am,31.68,60.35,59.87,57.66,8.55,9.90,10.47,1017.552522
329,11:44:00 am,31.46,60.04,59.96,57.70,8.49,9.91,10.47,1018.378132
330,11:44:30 am,31.16,58.82,59.99,57.72,8.58,9.91,10.48,1017.917809
331,11:45:00 am,31.47,60.05,60.00,57.72,8.62,9.90,10.49,1017.976826
332,11:45:30 am,31.51,57.57,59.96,57.67,8.66,9.92,10.50,1018.614685
333,11:46:00 am,32.29,57.92,59.99,57.65,8.62,9.88,10.49,1018.87607
334,11:46:30 am,31.98,58.57,60.04,57.69,8.46,9.89,10.49,1018.377722
335,11:47:00 am,32.61,60.19,60.12,57.77,8.42,9.90,10.48,1018.969753
336,11:47:30 am,33.18,60.69,60.25,57.88,8.43,9.89,10.47,1020.483568
337,11:48:00 am,32.55,60.68,60.34,57.96,8.33,9.89,10.47,1020.64221
338,11:48:30 am,32.96,60.78,60.45,58.07,8.36,9.89,10.46,1021.194237
339,11:49:00 am,32.84,62.53,60.53,58.19,8.11,9.88,10.45,1022.763807
340,11:49:30 am,33.56,61.11,60.57,58.26,8.25,9.89,10.45,1022.644082
341,11:50:00 am,32.82,61.89,60.51,58.21,8.29,9.88,10.44,1023.761396
342,11:50:30 am,32.72,62.30,60.46,58.23,8.42,9.88,10.44,1023.861288
343,11:51:00 am,32.76,62.82,60.52,58.30,8.43,9.87,10.42,1023.757918
344,11:51:30 am,33.02,62.57,60.52,58.31,8.42,9.87,10.43,1022.892615
345,11:52:00 am,32.31,62.67,60.51,58.34,8.46,9.87,10.43,1021.705727
346,11:52:30 am,31.94,62.55,60.44,58.33,8.44,9.88,10.43,1020.659653
347,11:53:00 am,32.63,62.86,60.37,58.30,8.42,9.87,10.42,1021.838714
348,11:53:30 am,32.28,62.72,60.40,58.32,8.45,9.89,10.43,1023.202872
349,11:54:00 am,31.99,62.07,60.19,58.17,8.47,9.89,10.44,1024.233606
350,11:54:30 am,32.13,60.42,60.08,58.09,8.48,9.89,10.44,1024.936666
351,11:55:00 am,32.23,60.96,60.07,58.10,8.47,9.89,10.44,1025.413489
352,11:55:30 am,31.63,60.39,60.03,58.08,8.48,9.90,10.44,1024.678879
353,11:56:00 am,31.97,60.96,59.86,57.97,8.52,9.91,10.45,1025.193872
354,11:56:30 am,31.90,61.34,59.75,57.89,8.49,9.91,10.45,1025.602884
355,11:57:00 am,32.78,61.79,59.68,57.84,8.47,9.91,10.45,1025.898019
356,11:57:30 am,33.84,62.32,59.76,57.91,8.45,9.89,10.43,1026.318675
357,11:58:00 am,32.70,61.20,59.86,58.03,8.45,9.89,10.43,1026.351143
358,11:58:30 am,32.51,61.73,59.95,58.10,8.44,9.88,10.42,1024.663007
359,11:59:00 am,32.61,61.64,60.05,58.19,8.42,9.85,10.39,1023.121219
360,11:59:30 am,33.71,61.65,60.14,58.27,8.41,9.85,10.39,1022.87382
361,12:00:00 pm,33.17,61.98,60.25,58.36,8.45,9.86,10.40,1022.409438
362,12:00:30 pm,33.03,62.85,60.34,58.42,8.40,9.85,10.39,1023.073726
363,12:01:00 pm,33.02,63.17,60.41,58.51,8.38,9.84,10.38,1022.897785
364,12:01:30 pm,32.91,63.59,60.44,58.57,8.30,9.84,10.37,1022.748056
365,12:02:00 pm,33.14,63.10,60.45,58.64,8.28,9.85,10.38,1023.203017
366,12:02:30 pm,33.83,63.58,60.49,58.67,8.32,9.85,10.37,1022.959991
367,12:03:00 pm,32.10,62.81,60.44,58.65,8.33,9.86,10.38,1022.488483
368,12:03:30 pm,32.59,62.64,60.35,58.57,8.37,9.85,10.38,1020.845691
369,12:04:00 pm,32.89,63.05,60.40,58.62,8.26,9.85,10.37,1018.566732
370,12:04:30 pm,32.31,60.64,60.38,58.62,8.39,9.85,10.38,1017.214387
371,12:05:00 pm,32.26,61.23,60.36,58.59,8.23,9.84,10.37,1017.781777
372,12:05:30 pm,32.81,62.25,60.43,58.66,8.34,9.83,10.36,1015.436506
373,12:06:00 pm,33.36,62.09,60.53,58.74,8.14,9.82,10.34,1016.586046
374,12:06:30 pm,32.62,62.49,60.52,58.75,8.21,9.81,10.34,1016.751864
375,12:07:00 pm,32.58,62.69,60.44,58.70,8.28,9.82,10.34,1016.480574
376,12:07:30 pm,32.43,63.51,60.43,58.72,8.33,9.82,10.35,1016.24267
377,12:08:00 pm,33.53,63.49,60.55,58.82,8.17,9.81,10.34,1016.954403
378,12:08:30 pm,32.67,61.61,60.66,58.93,8.01,9.81,10.33,1019.629523
379,12:09:00 pm,32.92,62.06,60.62,58.92,7.90,9.81,10.33,1018.530809
380,12:09:30 pm,33.62,63.10,60.60,58.91,7.96,9.81,10.33,1016.863546
381,12:10:00 pm,33.74,62.36,60.63,58.98,7.79,9.80,10.32,1014.957049
382,12:10:30 pm,34.12,63.15,60.71,59.07,7.98,9.80,10.32,1015.282283
383,12:11:00 pm,34.25,63.86,60.76,59.12,7.84,9.80,10.32,1014.718589
384,12:11:30 pm,33.95,63.09,60.85,59.22,7.78,9.79,10.30,1014.256526
385,12:12:00 pm,34.00,63.69,60.97,59.34,8.31,9.78,10.30,1014.245317
386,12:12:30 pm,33.31,61.97,60.99,59.37,8.13,9.78,10.29,1014.117764
387,12:13:00 pm,33.64,62.62,61.04,59.40,8.17,9.78,10.29,1012.745924
388,12:13:30 pm,34.19,62.40,61.09,59.43,8.02,9.78,10.29,1014.274088
389,12:14:00 pm,33.32,62.90,61.01,59.38,8.04,9.78,10.29,1016.529614
390,12:14:30 pm,32.42,62.22,60.93,59.31,8.10,9.80,10.31,1019.358305
391,12:15:00 pm,32.85,61.89,60.67,59.12,8.13,9.80,10.31,1020.939954
392,12:15:30 pm,33.20,62.06,60.57,59.01,8.16,9.80,10.32,1021.85606
393,12:16:00 pm,33.29,61.88,60.44,58.90,8.14,9.80,10.32,1021.657435
394,12:16:30 pm,33.13,61.91,60.36,58.86,8.12,9.81,10.33,1021.70749
395,12:17:00 pm,32.54,62.39,60.24,58.76,8.18,9.81,10.33,1021.095866
396,12:17:30 pm,32.68,61.28,60.17,58.69,8.14,9.81,10.33,1020.722584
397,12:18:00 pm,32.95,60.93,60.11,58.64,8.17,9.80,10.32,1018.291141
398,12:18:30 pm,32.54,61.54,60.07,58.59,8.19,9.81,10.32,1015.502649
399,12:19:00 pm,32.98,61.43,59.93,58.47,8.41,9.80,10.32,1013.499691
400,12:19:30 pm,34.50,61.63,59.98,58.53,8.33,9.79,10.31,1014.030676
401,12:20:00 pm,34.38,61.50,60.11,58.65,8.34,9.78,10.29,1014.609348
402,12:20:30 pm,34.31,61.80,60.17,58.72,8.24,9.78,10.29,1016.658931
403,12:21:00 pm,34.31,61.34,60.23,58.78,8.36,9.78,10.30,1016.976917
404,12:21:30 pm,33.88,61.83,60.25,58.78,8.21,9.77,10.29,1016.425036
405,12:22:00 pm,33.75,61.43,60.20,58.75,8.07,9.78,10.30,1014.488608
406,12:22:30 pm,33.60,60.54,60.14,58.68,8.07,9.77,10.29,1014.683875
407,12:23:00 pm,33.94,61.40,60.20,58.70,7.96,9.77,10.28,1015.564421
408,12:23:30 pm,34.82,61.89,60.26,58.78,7.99,9.76,10.28,1015.584568
409,12:24:00 pm,34.67,62.00,60.33,58.86,7.82,9.75,10.27,1015.308373
410,12:24:30 pm,34.35,62.15,60.39,58.92,8.17,9.74,10.26,1015.74623
411,12:25:00 pm,34.50,62.83,60.39,58.96,8.15,9.72,10.24,1014.458266
412,12:25:30 pm,33.82,61.32,60.42,58.99,8.05,9.74,10.25,1013.626229
413,12:26:00 pm,34.08,60.63,60.42,58.98,8.22,9.73,10.25,1013.376922
414,12:26:30 pm,34.12,60.98,60.47,58.99,8.43,9.72,10.24,1012.023056
415,12:27:00 pm,33.74,60.28,60.55,59.04,8.28,9.71,10.24,1010.427637
416,12:27:30 pm,33.76,59.83,60.60,59.09,8.32,9.70,10.24,1011.279918
417,12:28:00 pm,33.72,59.10,60.66,59.11,8.41,9.71,10.24,1010.695617
418,12:28:30 pm,33.62,59.66,60.70,59.12,8.35,9.71,10.24,1009.671262
419,12:29:00 pm,33.83,60.21,60.72,59.14,8.33,9.70,10.24,1010.278802
420,12:29:30 pm,34.79,60.96,60.74,59.15,8.32,9.71,10.23,1011.458926
421,12:30:00 pm,33.96,59.60,60.71,59.12,8.32,9.68,10.22,1009.633841
422,12:30:30 pm,34.24,60.43,60.67,59.07,8.30,9.70,10.23,1010.446528
423,12:31:00 pm,34.08,60.37,60.63,59.06,8.30,9.71,10.23,1008.574166
424,12:31:30 pm,34.50,60.68,60.62,59.04,8.29,9.70,10.23,1006.9629
425,12:32:00 pm,33.88,59.93,60.65,59.06,8.31,9.69,10.23,1005.511486
426,12:32:30 pm,34.77,61.08,60.71,59.05,8.24,9.69,10.22,1005.979757
427,12:33:00 pm,34.74,60.64,60.77,59.07,8.22,9.67,10.21,1006.143111
428,12:33:30 pm,34.62,61.07,60.74,59.02,8.38,9.67,10.21,1005.325979
429,12:34:00 pm,34.45,60.86,60.77,59.05,8.37,9.67,10.20,1006.139971
430,12:34:30 pm,34.71,60.93,60.88,59.15,8.36,9.64,10.18,1006.133738
431,12:35:00 pm,34.37,60.42,60.94,59.18,8.36,9.63,10.17,1006.889727
432,12:35:30 pm,34.41,61.48,60.99,59.25,8.35,9.62,10.16,1006.856268
433,12:36:00 pm,33.77,60.64,61.10,59.34,8.38,9.61,10.16,1008.384819
434,12:36:30 pm,33.50,59.35,61.15,59.39,8.37,9.59,10.15,1009.131435
435,12:37:00 pm,32.99,59.08,61.07,59.31,8.38,9.57,10.13,1008.721094
436,12:37:30 pm,33.69,59.73,61.04,59.24,8.40,9.60,10.16,1008.192331
437,12:38:00 pm,34.25,61.07,61.01,59.22,8.38,9.61,10.15,1009.139504
438,12:38:30 pm,33.73,60.92,60.94,59.21,8.38,9.61,10.16,1008.243811
439,12:39:00 pm,32.99,57.10,60.82,59.09,8.40,9.61,10.16,1005.909773
440,12:39:30 pm,33.89,58.57,60.77,58.99,8.39,9.60,10.15,1004.81333
441,12:40:00 pm,34.47,60.43,60.77,58.98,8.41,9.60,10.15,1004.211007
442,12:40:30 pm,33.75,60.92,60.82,59.03,8.36,9.60,10.15,1004.770039
443,12:41:00 pm,34.09,61.30,60.82,59.04,8.33,9.59,10.14,1005.057733
444,12:41:30 pm,34.32,61.75,60.83,59.07,8.14,9.59,10.14,1004.790476
445,12:42:00 pm,34.19,61.30,60.82,59.11,8.14,9.59,10.14,1005.12349
446,12:42:30 pm,34.17,61.55,60.72,59.06,7.88,9.58,10.13,1003.960613
447,12:43:00 pm,33.99,60.64,60.67,59.02,8.01,9.59,10.14,1001.470009
448,12:43:30 pm,33.56,60.74,60.57,58.97,8.17,9.58,10.13,999.2870768
449,12:44:00 pm,33.18,60.80,60.42,58.84,8.05,9.59,10.14,999.4279642
450,12:44:30 pm,33.14,60.32,60.25,58.69,7.98,9.60,10.15,1000.056087
451,12:45:00 pm,33.72,60.57,60.20,58.66,7.97,9.58,10.13,1000.100537
452,12:45:30 pm,34.38,60.28,60.22,58.67,8.03,9.58,10.13,998.8889106
453,12:46:00 pm,33.45,60.14,60.09,58.57,8.02,9.58,10.14,998.2532513
454,12:46:30 pm,33.25,60.26,59.95,58.44,8.01,9.59,10.14,997.4520389
455,12:47:00 pm,33.42,59.99,59.76,58.24,8.00,9.59,10.14,996.9028633
456,12:47:30 pm,33.54,59.01,59.60,58.08,8.03,9.58,10.14,995.8480442
457,12:48:00 pm,33.91,59.36,59.64,58.09,7.85,9.56,10.13,996.244857
458,12:48:30 pm,34.01,60.44,59.71,58.17,7.90,9.55,10.12,995.9110473
459,12:49:00 pm,34.04,61.07,59.76,58.20,7.91,9.54,10.11,994.131837
460,12:49:30 pm,33.84,60.87,59.77,58.22,7.88,9.54,10.10,992.6571588
461,12:50:00 pm,33.45,60.73,59.72,58.17,7.79,9.54,10.10,991.9569012
462,12:50:30 pm,33.69,60.47,59.63,58.08,7.74,9.54,10.10,991.2196099
463,12:51:00 pm,33.94,60.89,59.54,58.00,7.78,9.54,10.10,990.1408749
464,12:51:30 pm,35.29,61.08,59.56,58.02,7.82,9.53,10.08,989.8354984
465,12:52:00 pm,34.81,61.11,59.61,58.09,7.68,9.51,10.07,989.7942608
466,12:52:30 pm,35.06,60.81,59.65,58.13,7.65,9.51,10.06,989.2889317
467,12:53:00 pm,34.55,60.64,59.69,58.17,8.18,9.50,10.06,989.1027245
468,12:53:30 pm,34.68,60.34,59.79,58.24,7.97,9.49,10.05,990.1158717
469,12:54:00 pm,35.54,61.32,59.88,58.30,7.98,9.49,10.05,989.8592934
470,12:54:30 pm,35.53,61.31,59.94,58.37,8.05,9.47,10.03,988.8402282
471,12:55:00 pm,35.17,60.92,59.97,58.41,8.07,9.47,10.02,988.302938
472,12:55:30 pm,34.11,60.62,59.96,58.43,8.06,9.46,10.02,987.9225994
473,12:56:00 pm,34.98,60.94,59.99,58.48,8.04,9.44,10.01,988.4144006
474,12:56:30 pm,33.32,60.43,59.88,58.40,8.01,9.46,10.02,987.3374048
475,12:57:00 pm,33.39,60.62,59.66,58.20,7.97,9.46,10.03,987.2553176
476,12:57:30 pm,33.82,61.18,59.50,58.06,7.96,9.45,10.02,988.227469
477,12:58:00 pm,34.74,60.91,59.43,57.99,7.95,9.44,10.01,988.5638644
478,12:58:30 pm,35.51,61.65,59.47,58.01,7.93,9.43,9.99,987.8411882
479,12:59:00 pm,35.54,61.23,59.57,58.10,7.93,9.42,9.99,985.3921356
480,12:59:30 pm,34.48,61.41,59.57,58.11,7.93,9.42,9.98,983.876775
481,1:00:00 pm,33.41,59.46,59.46,58.02,8.00,9.39,9.96,983.3949516
482,1:00:30 pm,33.23,58.56,59.43,57.94,7.99,9.38,9.96,982.7920736
483,1:01:00 pm,33.59,57.96,59.37,57.86,8.14,9.39,9.97,983.3285899
484,1:01:30 pm,33.36,59.43,59.38,57.88,8.05,9.40,9.98,983.0124395
485,1:02:00 pm,34.05,60.34,59.39,57.91,7.96,9.39,9.96,982.8535783
486,1:02:30 pm,33.72,60.65,59.39,57.90,8.09,9.38,9.95,981.6761356
487,1:03:00 pm,34.13,59.44,59.32,57.84,8.16,9.37,9.95,980.8922681
488,1:03:30 pm,34.65,60.04,59.33,57.81,8.15,9.35,9.93,979.848103
489,1:04:00 pm,35.05,60.94,59.43,57.87,8.12,9.36,9.93,978.5931861
490,1:04:30 pm,34.46,60.01,59.40,57.84,8.11,9.36,9.93,976.1399295
491,1:05:00 pm,34.18,59.87,59.23,57.69,8.08,9.35,9.94,974.855347
492,1:05:30 pm,34.46,60.33,59.12,57.60,8.10,9.35,9.93,975.2446477
493,1:06:00 pm,34.05,59.08,58.98,57.47,8.12,9.36,9.94,977.1811966
494,1:06:30 pm,34.20,58.81,58.79,57.29,8.13,9.35,9.93,978.4866025
495,1:07:00 pm,34.06,58.10,58.54,57.08,8.09,9.37,9.95,976.9147865
496,1:07:30 pm,33.51,58.21,58.33,56.87,8.08,9.36,9.95,975.4240662
497,1:08:00 pm,34.47,58.32,58.19,56.75,8.12,9.34,9.95,973.4171472
498,1:08:30 pm,35.10,58.91,58.24,56.79,8.08,9.33,9.93,971.6581567
499,1:09:00 pm,34.66,58.48,58.32,56.88,8.05,9.31,9.90,970.4606625
500,1:09:30 pm,34.33,59.48,58.33,56.88,8.16,9.32,9.91,971.3345405
501,1:10:00 pm,34.88,59.42,58.29,56.88,8.04,9.30,9.89,970.7501441
502,1:10:30 pm,33.85,58.53,58.25,56.86,7.32,9.28,9.88,967.8781872
503,1:11:00 pm,33.72,58.05,58.04,56.68,7.58,9.28,9.88,966.6907666
504,1:11:30 pm,33.92,57.98,57.91,56.52,7.67,9.29,9.89,967.2192629
505,1:12:00 pm,34.05,57.58,57.78,56.38,7.82,9.28,9.89,967.2330578
506,1:12:30 pm,34.43,56.58,57.68,56.29,7.79,9.27,9.88,968.97004
507,1:13:00 pm,34.46,57.14,57.60,56.19,8.24,9.27,9.88,966.9604869
508,1:13:30 pm,35.00,57.66,57.64,56.22,8.16,9.24,9.86,965.8606383
509,1:14:00 pm,34.92,57.82,57.76,56.31,8.15,9.23,9.84,964.3689758
510,1:14:30 pm,34.74,57.34,57.81,56.34,8.16,9.23,9.84,962.7474911
511,1:15:00 pm,34.50,57.71,57.77,56.29,8.15,9.22,9.84,963.2223586
512,1:15:30 pm,34.94,57.22,57.69,56.22,8.12,9.21,9.82,963.9144984
513,1:16:00 pm,35.10,58.42,57.66,56.19,8.15,9.20,9.81,962.9627844
514,1:16:30 pm,34.18,57.88,57.68,56.21,8.10,9.19,9.80,962.0418223
515,1:17:00 pm,34.48,58.08,57.53,56.10,8.11,9.17,9.79,960.0012029
516,1:17:30 pm,35.13,58.21,57.50,56.06,8.09,9.15,9.77,959.0911367
517,1:18:00 pm,34.26,57.69,57.53,56.08,8.09,9.15,9.77,958.5904932
518,1:18:30 pm,34.28,57.99,57.48,56.04,8.07,9.14,9.76,957.7982923
519,1:19:00 pm,34.33,58.36,57.39,55.96,8.04,9.13,9.75,956.1897802
520,1:19:30 pm,34.28,58.50,57.42,55.98,8.01,9.11,9.74,955.4124837
521,1:20:00 pm,35.01,58.82,57.52,56.07,8.05,9.11,9.73,956.5378433
522,1:20:30 pm,34.77,59.25,57.65,56.20,7.97,9.08,9.70,958.5028496
523,1:21:00 pm,34.81,59.83,57.74,56.29,7.94,9.05,9.68,958.7463828
524,1:21:30 pm,34.91,60.04,57.86,56.39,8.00,9.03,9.65,956.5849022
525,1:22:00 pm,34.97,60.34,57.99,56.50,7.96,9.01,9.64,954.0551388
526,1:22:30 pm,34.81,59.61,58.08,56.57,7.78,8.99,9.62,951.4514048
527,1:23:00 pm,34.42,59.32,58.09,56.60,7.90,8.99,9.61,949.5770379
528,1:23:30 pm,34.48,58.58,57.99,56.50,7.78,8.98,9.60,949.9875489
529,1:24:00 pm,34.28,57.04,57.97,56.47,7.95,8.96,9.59,948.4683712
530,1:24:30 pm,34.33,57.20,57.98,56.46,7.96,8.95,9.58,945.9942429
531,1:25:00 pm,34.65,57.59,58.01,56.47,7.94,8.93,9.58,946.0313007
532,1:25:30 pm,34.90,56.96,58.01,56.48,7.94,8.93,9.57,947.5723165
533,1:26:00 pm,34.05,57.64,58.01,56.45,7.90,8.92,9.56,948.5138118
534,1:26:30 pm,33.45,57.17,57.97,56.44,7.90,8.92,9.57,946.0598549
535,1:27:00 pm,34.40,57.03,57.94,56.39,7.85,8.91,9.57,943.9507003
536,1:27:30 pm,34.31,57.15,57.87,56.34,7.67,8.93,9.58,943.5062965
537,1:28:00 pm,34.81,57.07,57.83,56.30,7.79,8.93,9.58,944.0420158
538,1:28:30 pm,34.43,55.94,57.83,56.27,7.81,8.93,9.58,944.4199863
539,1:29:00 pm,34.09,55.15,57.81,56.21,7.84,8.93,9.59,942.3835457
540,1:29:30 pm,34.31,54.66,57.80,56.16,7.86,8.93,9.59,941.0338349
541,1:30:00 pm,34.00,54.07,57.77,56.11,7.85,8.92,9.59,938.7921746
542,1:30:30 pm,33.55,53.33,57.72,56.01,7.86,8.89,9.57,937.1764637
543,1:31:00 pm,34.16,53.71,57.69,55.94,7.88,8.90,9.57,934.6699642
544,1:31:30 pm,33.81,53.51,57.73,55.92,7.88,8.89,9.58,933.36149
545,1:32:00 pm,34.59,55.09,57.79,55.93,7.89,8.87,9.57,931.6793449
546,1:32:30 pm,34.89,55.39,57.86,55.97,7.86,8.87,9.55,930.4609064
547,1:33:00 pm,34.66,55.64,57.87,55.97,7.83,8.85,9.54,929.163062
548,1:33:30 pm,35.16,56.10,57.90,56.00,7.80,8.85,9.54,928.53849
549,1:34:00 pm,34.63,55.97,57.92,56.00,7.64,8.82,9.50,925.8476193
550,1:34:30 pm,34.38,55.82,57.90,55.98,7.73,8.80,9.49,925.1255237
551,1:35:00 pm,35.16,55.78,57.88,55.93,7.74,8.80,9.49,924.7030063
552,1:35:30 pm,34.99,55.83,57.82,55.87,7.74,8.79,9.48,924.107979
553,1:36:00 pm,35.31,56.21,57.81,55.84,7.65,8.75,9.43,923.6132797
554,1:36:30 pm,35.25,55.65,57.78,55.80,7.54,8.74,9.43,922.8077434
555,1:37:00 pm,34.54,55.26,57.74,55.76,7.56,8.72,9.41,921.9701977
556,1:37:30 pm,34.88,55.14,57.69,55.71,7.43,8.72,9.42,920.3120421
557,1:38:00 pm,35.10,54.77,57.53,55.55,7.52,8.71,9.41,919.3703764
558,1:38:30 pm,34.92,54.71,57.45,55.47,7.51,8.69,9.40,918.237795
559,1:39:00 pm,34.54,54.64,57.38,55.44,7.43,8.66,9.37,918.3104364
560,1:39:30 pm,34.86,54.69,57.36,55.40,7.54,8.66,9.37,918.5451283
561,1:40:00 pm,35.18,54.80,57.33,55.34,7.78,8.66,9.37,917.9166425
562,1:40:30 pm,34.80,54.39,57.24,55.27,7.74,8.66,9.38,916.8026856
563,1:41:00 pm,34.76,54.44,57.17,55.18,7.68,8.65,9.38,916.1191451
564,1:41:30 pm,35.04,54.94,57.12,55.13,7.61,8.64,9.37,914.5568233
565,1:42:00 pm,34.53,54.52,57.10,55.09,7.57,8.62,9.35,912.7875899
566,1:42:30 pm,34.52,54.32,57.09,55.03,7.52,8.59,9.33,912.8794616
567,1:43:00 pm,34.71,54.25,57.00,54.93,7.68,8.57,9.30,910.8883407
568,1:43:30 pm,34.88,55.01,56.88,54.81,7.63,8.57,9.30,907.5805321
569,1:44:00 pm,34.60,55.18,56.83,54.78,7.68,8.55,9.28,905.3225899
570,1:44:30 pm,34.72,55.09,56.80,54.79,7.61,8.54,9.26,904.2646309
571,1:45:00 pm,35.22,55.41,56.82,54.80,7.60,8.51,9.24,903.2748444
572,1:45:30 pm,34.49,54.47,56.78,54.77,7.64,8.51,9.24,902.4607319
573,1:46:00 pm,35.10,54.99,56.70,54.69,7.55,8.52,9.25,902.9412755
574,1:46:30 pm,35.15,54.10,56.65,54.63,7.54,8.50,9.25,901.9744869
575,1:47:00 pm,34.62,53.45,56.61,54.57,7.46,8.49,9.23,899.8420683
576,1:47:30 pm,34.60,52.78,56.54,54.46,7.46,8.47,9.21,899.1796172
577,1:48:00 pm,34.02,52.06,56.48,54.36,7.55,8.47,9.22,897.9098675
578,1:48:30 pm,34.02,51.71,56.39,54.24,7.50,8.45,9.21,895.6498486
579,1:49:00 pm,34.79,52.68,56.36,54.16,7.49,8.44,9.20,894.0041094
580,1:49:30 pm,35.86,54.00,56.40,54.17,7.53,8.42,9.18,892.8762135
581,1:50:00 pm,34.49,53.54,56.35,54.14,7.50,8.40,9.15,892.3897992
582,1:50:30 pm,34.09,53.64,56.10,53.93,7.49,8.39,9.14,893.2130189
583,1:51:00 pm,34.46,53.71,55.95,53.78,7.47,8.37,9.12,891.2750936
584,1:51:30 pm,34.75,53.75,55.78,53.63,7.45,8.36,9.11,889.1334469
585,1:52:00 pm,34.11,53.48,55.62,53.51,7.47,8.33,9.09,887.1743102
586,1:52:30 pm,33.86,52.22,55.39,53.31,7.43,8.33,9.09,885.8404711
587,1:53:00 pm,34.01,52.81,55.15,53.08,7.42,8.31,9.06,883.3292124
588,1:53:30 pm,34.24,53.16,54.97,52.91,7.39,8.29,9.05,882.2838149
589,1:54:00 pm,34.94,53.42,54.91,52.85,7.35,8.26,9.02,881.2283186
590,1:54:30 pm,34.62,53.97,54.92,52.85,7.33,8.24,9.00,880.5888423
591,1:55:00 pm,34.05,54.39,54.87,52.83,7.31,8.23,8.99,879.3620936
592,1:55:30 pm,34.19,54.44,54.81,52.79,7.28,8.21,8.96,878.8847865
593,1:56:00 pm,34.34,54.22,54.80,52.77,7.32,8.19,8.95,878.4077939
594,1:56:30 pm,34.97,55.09,54.80,52.81,7.25,8.17,8.92,878.3072503
595,1:57:00 pm,35.51,55.11,54.91,52.91,7.25,8.15,8.91,878.1012334
596,1:57:30 pm,35.55,55.28,54.99,53.01,7.17,8.11,8.85,876.19853
597,1:58:00 pm,35.28,55.77,55.08,53.10,7.14,8.09,8.83,874.3567035
598,1:58:30 pm,35.16,55.89,55.13,53.16,7.13,8.08,8.82,873.6866183
599,1:59:00 pm,35.46,56.00,55.20,53.21,7.15,8.08,8.83,872.9936814
600,1:59:30 pm,34.89,55.29,55.25,53.27,7.15,8.06,8.81,869.7118181
601,2:00:00 pm,35.13,54.78,55.23,53.28,7.20,8.05,8.81,867.7515468
602,2:00:30 pm,35.03,54.74,55.16,53.24,7.15,8.02,8.79,867.310428
603,2:01:00 pm,34.80,55.15,55.18,53.23,7.15,8.02,8.79,866.292449
604,2:01:30 pm,35.43,55.05,55.13,53.20,7.15,8.01,8.77,865.0486688
605,2:02:00 pm,35.71,55.65,55.07,53.12,7.13,7.98,8.73,863.7158444
606,2:02:30 pm,35.44,55.15,55.03,53.08,7.07,7.95,8.72,861.6586519
607,2:03:00 pm,34.82,55.56,54.93,53.02,7.07,7.94,8.69,862.5211767
608,2:03:30 pm,34.95,55.51,54.84,52.97,7.05,7.93,8.69,863.587857
609,2:04:00 pm,34.98,54.76,54.77,52.90,7.06,7.91,8.65,863.9755142
610,2:04:30 pm,35.13,54.58,54.76,52.89,7.02,7.89,8.64,862.6598896
611,2:05:00 pm,35.05,55.10,54.85,52.95,7.01,7.86,8.62,859.5697413
612,2:05:30 pm,34.93,55.26,54.85,53.00,6.99,7.85,8.60,856.7574301
613,2:06:00 pm,34.80,55.25,54.90,53.07,6.97,7.83,8.58,854.3135226
614,2:06:30 pm,34.52,55.49,54.92,53.11,6.96,7.81,8.56,853.4581735
615,2:07:00 pm,34.73,55.55,54.97,53.16,6.93,7.78,8.54,852.0613785
616,2:07:30 pm,34.92,55.84,54.96,53.18,6.88,7.74,8.49,851.2762555
617,2:08:00 pm,35.76,56.67,55.03,53.25,6.91,7.72,8.48,849.4147403
618,2:08:30 pm,35.93,56.86,55.12,53.31,6.85,7.70,8.45,847.5008517
619,2:09:00 pm,35.36,55.26,55.10,53.32,6.86,7.68,8.43,845.802183
620,2:09:30 pm,35.21,55.58,55.13,53.31,6.86,7.66,8.40,844.7829727
621,2:10:00 pm,34.82,55.67,55.14,53.30,6.86,7.64,8.40,843.397919
622,2:10:30 pm,35.07,55.53,55.13,53.31,6.84,7.62,8.36,840.3936509
623,2:11:00 pm,35.50,55.92,55.13,53.33,6.82,7.58,8.35,839.1377918
624,2:11:30 pm,35.52,55.47,55.17,53.36,6.81,7.56,8.32,839.7251609
625,2:12:00 pm,35.51,55.84,55.25,53.42,6.81,7.54,8.29,839.4415741
626,2:12:30 pm,35.79,56.35,55.31,53.48,6.78,7.52,8.27,837.4669043
627,2:13:00 pm,35.69,56.76,55.33,53.52,6.77,7.52,8.26,835.9202608
628,2:13:30 pm,34.97,55.80,55.32,53.53,6.75,7.48,8.23,834.2997182
629,2:14:00 pm,34.96,54.42,55.22,53.46,6.79,7.46,8.22,832.0014574
630,2:14:30 pm,35.40,55.15,55.12,53.33,6.82,7.45,8.20,831.0350305
631,2:15:00 pm,34.95,54.69,55.03,53.26,6.79,7.43,8.18,829.0482829
632,2:15:30 pm,34.67,54.34,54.82,53.07,6.78,7.41,8.16,827.0582734
633,2:16:00 pm,34.17,53.53,54.57,52.87,6.82,7.39,8.15,823.9254627
634,2:16:30 pm,34.34,53.54,54.30,52.67,6.85,7.38,8.13,821.2600778
635,2:17:00 pm,34.23,53.47,54.09,52.48,6.82,7.35,8.11,819.9317697
636,2:17:30 pm,34.25,53.57,53.92,52.32,6.79,7.32,8.07,819.4226719
637,2:18:00 pm,34.82,53.96,53.83,52.26,6.80,7.29,8.04,818.5279453
638,2:18:30 pm,34.58,53.55,53.82,52.24,6.75,7.27,8.01,816.1341167
639,2:19:00 pm,34.50,53.72,53.77,52.20,6.69,7.24,7.99,814.1589884
640,2:19:30 pm,34.38,54.23,53.74,52.17,6.63,7.22,7.98,811.7034858
641,2:20:00 pm,34.64,54.32,53.76,52.18,6.65,7.20,7.96,809.9112787
642,2:20:30 pm,35.09,54.74,53.79,52.21,6.57,7.19,7.93,809.538817
643,2:21:00 pm,35.57,54.68,53.83,52.25,6.53,7.17,7.92,808.7135195
644,2:21:30 pm,34.83,53.67,53.87,52.28,6.45,7.14,7.88,808.3747087
645,2:22:00 pm,35.26,54.60,53.92,52.30,6.40,7.11,7.86,806.5498885
646,2:22:30 pm,34.23,54.45,53.90,52.27,6.41,7.09,7.83,804.5903659
647,2:23:00 pm,33.88,53.59,53.79,52.19,6.44,7.06,7.81,802.3494069
648,2:23:30 pm,34.70,53.04,53.58,52.04,6.26,7.02,7.77,801.3909285
649,2:24:00 pm,34.47,52.18,53.38,51.90,6.50,7.00,7.75,799.7116835
650,2:24:30 pm,34.57,51.58,53.16,51.74,6.39,6.99,7.73,798.9503796
651,2:25:00 pm,34.94,52.02,53.03,51.63,6.31,6.96,7.72,798.3237308
652,2:25:30 pm,34.72,52.53,52.99,51.61,6.23,6.94,7.69,797.5582955
653,2:26:00 pm,34.93,53.21,53.04,51.63,6.22,6.91,7.66,796.6098181
654,2:26:30 pm,35.03,53.15,53.10,51.67,6.23,6.88,7.62,794.0899117
655,2:27:00 pm,34.95,53.55,53.14,51.70,6.35,6.85,7.60,792.5703964
656,2:27:30 pm,35.16,53.99,53.16,51.74,6.33,6.82,7.57,791.4545794
657,2:28:00 pm,35.88,54.61,53.21,51.78,6.36,6.80,7.53,789.6347844
658,2:28:30 pm,35.60,54.16,53.28,51.84,6.24,6.78,7.51,787.9362608
659,2:29:00 pm,34.96,53.54,53.37,51.90,6.31,6.75,7.49,787.5104101
660,2:29:30 pm,35.15,54.18,53.35,51.92,6.28,6.73,7.46,786.4048843
661,2:30:00 pm,35.03,54.18,53.33,51.93,6.14,6.68,7.42,784.6879769
662,2:30:30 pm,35.67,54.84,53.28,51.92,6.11,6.65,7.37,783.4560336
663,2:31:00 pm,35.47,54.56,53.29,51.93,6.10,6.63,7.37,782.1141977
664,2:31:30 pm,34.85,54.38,53.29,51.95,6.07,6.62,7.34,780.9277192
665,2:32:00 pm,35.47,54.64,53.30,51.93,6.08,6.59,7.31,779.5646488
666,2:32:30 pm,36.02,54.57,53.29,51.91,6.08,6.57,7.29,777.7528265
667,2:33:00 pm,35.38,53.96,53.27,51.92,6.01,6.54,7.26,775.0008854
668,2:33:30 pm,35.74,54.06,53.18,51.83,5.97,6.52,7.23,772.4941924
669,2:34:00 pm,35.94,54.69,53.12,51.79,5.93,6.49,7.20,770.3828875
670,2:34:30 pm,36.23,55.12,53.18,51.84,5.87,6.47,7.19,768.4283891
671,2:35:00 pm,35.89,54.77,53.23,51.88,5.89,6.44,7.15,765.9661703
672,2:35:30 pm,35.59,54.71,53.22,51.87,5.81,6.41,7.12,763.9779727
673,2:36:00 pm,35.37,53.90,53.19,51.85,5.92,6.39,7.10,762.4767687
674,2:36:30 pm,35.42,53.44,53.12,51.80,5.94,6.37,7.08,761.046347
675,2:37:00 pm,35.06,53.81,53.03,51.74,5.88,6.34,7.05,760.1487939
676,2:37:30 pm,35.56,54.16,53.05,51.73,5.81,6.31,7.02,759.0436793
677,2:38:00 pm,36.16,54.23,53.09,51.75,5.76,6.30,6.99,756.7286046
678,2:38:30 pm,34.65,53.83,53.11,51.79,5.74,6.26,6.95,753.8697171
679,2:39:00 pm,34.29,53.65,53.09,51.77,5.71,6.25,6.95,750.5244395
680,2:39:30 pm,34.90,53.53,53.04,51.75,5.65,6.22,6.92,749.5553323
681,2:40:00 pm,35.22,53.67,52.98,51.67,5.65,6.19,6.89,748.5797024
682,2:40:30 pm,34.89,53.81,52.97,51.67,5.59,6.17,6.87,747.9268181
683,2:41:00 pm,35.12,52.83,52.98,51.67,5.59,6.14,6.83,746.0273996
684,2:41:30 pm,35.56,52.80,52.91,51.59,5.56,6.12,6.81,744.1349621
685,2:42:00 pm,35.08,52.99,52.87,51.56,5.55,6.09,6.78,743.0960147
686,2:42:30 pm,35.04,52.46,52.84,51.52,5.52,6.04,6.75,741.4600358
687,2:43:00 pm,34.73,51.06,52.79,51.46,5.49,6.03,6.72,739.8823733
688,2:43:30 pm,35.09,51.06,52.68,51.34,5.47,5.99,6.68,739.651184
689,2:44:00 pm,35.75,51.17,52.57,51.24,5.49,5.96,6.64,739.4574648
690,2:44:30 pm,35.70,51.91,52.57,51.19,5.43,5.93,6.61,738.4724122
691,2:45:00 pm,35.65,51.79,52.61,51.20,5.42,5.90,6.58,735.6081619
692,2:45:30 pm,35.35,51.94,52.63,51.23,5.38,5.88,6.55,733.00996
693,2:46:00 pm,34.89,51.63,52.51,51.10,5.47,5.84,6.51,733.4528906
694,2:46:30 pm,35.38,52.08,52.43,51.02,5.38,5.81,6.48,730.9151546
695,2:47:00 pm,35.21,51.86,52.42,51.02,5.49,5.77,6.44,727.6493807
696,2:47:30 pm,35.43,51.89,52.38,50.99,5.46,5.73,6.40,725.0426267
697,2:48:00 pm,35.48,51.38,52.36,50.99,5.44,5.70,6.37,723.0667256
698,2:48:30 pm,35.81,51.81,52.38,50.99,5.59,5.68,6.34,721.8736278
699,2:49:00 pm,35.55,50.92,52.37,50.95,5.51,5.66,6.32,721.3526688
700,2:49:30 pm,36.00,51.61,52.33,50.89,5.44,5.62,6.28,719.9186225
701,2:50:00 pm,35.37,51.35,52.27,50.83,5.58,5.61,6.26,716.9783481
702,2:50:30 pm,35.80,51.59,52.21,50.78,5.48,5.58,6.23,714.7696646
703,2:51:00 pm,36.32,51.93,52.17,50.77,5.43,5.56,6.21,712.1183155
704,2:51:30 pm,35.65,52.05,52.17,50.75,5.36,5.52,6.17,709.8874543
705,2:52:00 pm,35.40,50.81,52.14,50.69,5.42,5.51,6.16,707.1893123
706,2:52:30 pm,35.00,50.41,52.11,50.65,5.42,5.48,6.12,704.9018738
707,2:53:00 pm,35.16,50.05,52.07,50.58,5.27,5.46,6.10,703.9346015
708,2:53:30 pm,34.98,49.92,52.02,50.48,5.36,5.44,6.07,701.5314479
709,2:54:00 pm,34.89,50.05,51.95,50.44,5.36,5.41,6.04,700.8718486
710,2:54:30 pm,34.73,49.27,51.88,50.36,5.18,5.39,6.01,699.3488055
711,2:55:00 pm,35.09,49.52,51.80,50.26,5.26,5.36,5.99,697.1307003
712,2:55:30 pm,35.50,49.85,51.72,50.19,5.29,5.33,5.96,693.8557939
713,2:56:00 pm,35.20,49.30,51.69,50.14,5.18,5.32,5.94,693.2009769
714,2:56:30 pm,35.28,49.75,51.65,50.09,5.09,5.29,5.91,691.4258013
715,2:57:00 pm,35.67,49.73,51.63,50.08,5.09,5.26,5.87,689.6910904
716,2:57:30 pm,35.44,49.93,51.65,50.07,5.03,5.23,5.85,688.532103
717,2:58:00 pm,35.26,49.44,51.53,49.94,5.16,5.22,5.83,685.9194553
718,2:58:30 pm,35.39,49.91,51.39,49.81,5.08,5.19,5.80,683.5017823
719,2:59:00 pm,35.71,50.27,51.37,49.79,5.09,5.18,5.78,680.619245
720,2:59:30 pm,35.98,50.58,51.38,49.82,5.03,5.13,5.73,679.437285
721,3:00:00 pm,36.47,51.27,51.44,49.86,5.01,5.10,5.69,677.5044322
722,3:00:30 pm,35.41,50.72,51.52,49.91,4.98,5.09,5.68,676.843673
723,3:01:00 pm,35.14,50.70,51.54,49.90,5.04,5.07,5.65,675.4289769
724,3:01:30 pm,35.07,50.08,51.50,49.86,4.98,5.03,5.61,672.1885205
725,3:02:00 pm,35.38,50.24,51.48,49.82,4.92,5.00,5.58,670.2075457
726,3:02:30 pm,34.91,49.90,51.48,49.81,4.97,4.96,5.54,669.8796057
727,3:03:00 pm,34.63,49.26,51.45,49.77,4.85,4.93,5.52,669.0057518
728,3:03:30 pm,34.27,48.55,51.40,49.72,4.83,4.89,5.46,666.8425804
729,3:04:00 pm,34.43,48.89,51.37,49.66,4.84,4.87,5.43,664.2930315
730,3:04:30 pm,34.97,49.46,51.37,49.63,4.81,4.83,5.40,661.3382629
731,3:05:00 pm,35.39,49.68,51.38,49.62,4.77,4.80,5.36,659.5998549
732,3:05:30 pm,35.66,50.20,51.35,49.60,4.75,4.77,5.33,657.228082
733,3:06:00 pm,35.37,49.60,51.37,49.59,4.72,4.74,5.30,654.7621914
734,3:06:30 pm,34.63,48.26,51.34,49.56,4.68,4.70,5.25,652.012062
735,3:07:00 pm,34.78,47.99,51.26,49.48,4.72,4.69,5.23,650.4324185
736,3:07:30 pm,34.73,47.52,51.13,49.35,4.71,4.66,5.20,648.648715
737,3:08:00 pm,34.89,47.29,51.00,49.23,4.74,4.62,5.15,646.0890683
738,3:08:30 pm,34.80,47.93,50.91,49.11,4.67,4.60,5.13,642.964061
739,3:09:00 pm,34.16,47.77,50.79,49.03,4.66,4.56,5.09,640.1161409
740,3:09:30 pm,34.50,48.45,50.74,48.99,4.63,4.53,5.06,638.1447571
741,3:10:00 pm,35.20,47.99,50.68,48.94,4.51,4.50,5.03,636.4637718
742,3:10:30 pm,35.38,48.44,50.61,48.85,4.56,4.47,5.00,634.8947823
743,3:11:00 pm,35.08,48.64,50.59,48.83,4.50,4.45,4.97,633.7504595
744,3:11:30 pm,34.84,48.47,50.56,48.78,4.46,4.43,4.94,632.5205216
745,3:12:00 pm,34.47,48.19,50.50,48.73,4.56,4.39,4.91,631.4168318
746,3:12:30 pm,35.47,48.13,50.40,48.63,4.49,4.37,4.89,630.3752503
747,3:13:00 pm,35.48,48.22,50.33,48.57,4.44,4.34,4.85,628.7602639
748,3:13:30 pm,34.74,48.26,50.29,48.52,4.42,4.31,4.81,627.1813933
749,3:14:00 pm,34.65,48.16,50.24,48.47,4.38,4.29,4.79,625.9959306
750,3:14:30 pm,34.84,48.05,50.18,48.40,4.28,4.26,4.75,626.304979
751,3:15:00 pm,34.74,47.72,50.10,48.33,4.35,4.24,4.73,623.8253428
752,3:15:30 pm,34.85,47.41,50.06,48.25,4.28,4.21,4.69,620.7318601